train_loss_step,epoch,step,val_loss,val_acc,train_loss_epoch,train_acc,test_loss,test_acc
0.48418259620666504,0,49,,,,,,
0.325877845287323,0,99,,,,,,
0.38271209597587585,0,149,,,,,,
,0,194,0.2409505546092987,0.9301999807357788,,,,
,0,194,,,0.5313923954963684,0.8482972979545593,,
,1,195,,,,,0.23209582269191742,0.9358000159263611
