train_loss_step,epoch,step,val_loss,val_acc,train_loss_epoch,train_acc,test_loss,test_acc
0.2606690526008606,0,49,,,,,,
0.23113799095153809,0,99,,,,,,
0.15396884083747864,0,149,,,,,,
,0,194,0.18093551695346832,0.9460999965667725,,,,
,0,194,,,0.2484799176454544,0.9236778616905212,,
,1,195,,,,,0.17558126151561737,0.9488999843597412
